案例编号,测试轮次,最优设置,最优分数
1,1,"(0, 0, 0, 1)",29.79
1,2,"(0, 0, 0, 1)",30.6
1,3,"(1, 0, 0, 1)",30.58
1,4,"(1, 0, 0, 1)",30.7
1,5,"(1, 0, 0, 1)",30.05
1,6,"(1, 0, 0, 1)",30.49
1,7,"(1, 0, 0, 1)",30.19
1,8,"(1, 0, 0, 1)",30.56
1,9,"(1, 0, 0, 1)",30.16
1,10,"(1, 0, 0, 1)",30.71
1,11,"(1, 0, 0, 1)",30.01
1,12,"(0, 0, 0, 1)",29.84
1,13,"(0, 0, 0, 1)",30.23
1,14,"(1, 0, 0, 1)",30.8
1,15,"(1, 0, 0, 1)",30.5
1,16,"(0, 0, 0, 1)",30.76
1,17,"(0, 0, 0, 1)",30.18
1,18,"(1, 0, 0, 1)",30.32
1,19,"(1, 0, 0, 1)",30.78
1,20,"(1, 0, 0, 1)",30.29
1,21,"(1, 0, 0, 1)",29.99
1,22,"(1, 0, 0, 1)",30.09
1,23,"(1, 0, 0, 1)",30.24
1,24,"(1, 0, 0, 1)",30.46
1,25,"(0, 0, 0, 1)",30.13
1,26,"(1, 0, 0, 1)",30.62
1,27,"(1, 0, 0, 1)",30.0
1,28,"(1, 0, 0, 1)",30.88
1,29,"(0, 0, 0, 1)",30.57
1,30,"(1, 0, 0, 1)",30.05
1,31,"(0, 0, 0, 1)",30.45
1,32,"(0, 0, 0, 1)",30.72
1,33,"(1, 0, 0, 1)",30.18
1,34,"(1, 0, 0, 1)",30.15
1,35,"(1, 0, 0, 1)",29.9
1,36,"(0, 0, 0, 1)",30.6
1,37,"(1, 0, 0, 1)",30.49
1,38,"(1, 0, 0, 1)",29.97
1,39,"(1, 0, 0, 1)",30.31
1,40,"(1, 0, 0, 1)",30.62
1,41,"(1, 0, 0, 1)",30.47
1,42,"(1, 0, 0, 1)",30.29
1,43,"(1, 0, 0, 1)",30.38
1,44,"(0, 0, 0, 1)",30.11
1,45,"(1, 0, 0, 1)",30.49
1,46,"(0, 0, 0, 1)",30.49
1,47,"(1, 0, 0, 1)",30.18
1,48,"(1, 0, 0, 1)",29.91
1,49,"(1, 0, 0, 1)",30.62
1,50,"(1, 0, 0, 1)",29.9
1,51,"(1, 0, 0, 1)",30.05
1,52,"(1, 0, 0, 1)",30.87
1,53,"(1, 0, 0, 1)",30.27
1,54,"(0, 0, 0, 1)",30.6
1,55,"(1, 0, 0, 1)",29.82
1,56,"(1, 0, 0, 1)",30.97
1,57,"(1, 0, 0, 1)",30.63
1,58,"(1, 0, 0, 1)",29.76
1,59,"(1, 0, 0, 1)",30.77
1,60,"(1, 0, 0, 1)",30.54
1,61,"(1, 0, 0, 1)",30.58
1,62,"(1, 0, 0, 1)",29.95
1,63,"(1, 0, 0, 1)",30.42
1,64,"(1, 0, 0, 1)",29.77
1,65,"(1, 0, 0, 1)",30.76
1,66,"(1, 0, 0, 1)",30.4
1,67,"(1, 0, 0, 1)",30.01
1,68,"(1, 0, 0, 1)",30.57
1,69,"(0, 0, 0, 1)",30.32
1,70,"(1, 0, 0, 1)",30.4
1,71,"(1, 0, 0, 1)",30.13
1,72,"(1, 0, 0, 1)",30.49
1,73,"(1, 0, 0, 1)",29.76
1,74,"(0, 0, 0, 1)",30.48
1,75,"(1, 0, 0, 1)",30.52
1,76,"(1, 0, 0, 1)",30.19
1,77,"(1, 0, 0, 1)",30.66
1,78,"(1, 0, 0, 1)",30.67
1,79,"(1, 0, 0, 1)",29.82
1,80,"(1, 0, 0, 1)",30.52
1,81,"(1, 0, 0, 1)",29.92
1,82,"(1, 0, 0, 1)",29.85
1,83,"(1, 0, 0, 1)",30.3
1,84,"(1, 0, 0, 1)",30.1
1,85,"(1, 0, 0, 1)",30.74
1,86,"(1, 0, 0, 1)",29.94
1,87,"(1, 0, 0, 1)",30.13
1,88,"(0, 0, 0, 1)",30.45
1,89,"(0, 0, 0, 1)",31.01
1,90,"(1, 0, 0, 1)",30.09
1,91,"(1, 0, 0, 1)",29.92
1,92,"(1, 0, 0, 1)",30.54
1,93,"(1, 0, 0, 1)",30.49
1,94,"(1, 0, 0, 1)",29.9
1,95,"(0, 0, 0, 1)",30.3
1,96,"(1, 0, 0, 1)",30.01
1,97,"(1, 0, 0, 1)",30.77
1,98,"(0, 0, 0, 1)",30.71
1,99,"(0, 0, 0, 1)",30.08
1,100,"(1, 0, 0, 1)",30.17
1,101,"(1, 0, 0, 1)",29.99
1,102,"(1, 0, 0, 1)",30.78
1,103,"(1, 0, 0, 1)",30.55
1,104,"(1, 0, 0, 1)",29.87
1,105,"(1, 0, 0, 1)",30.37
1,106,"(1, 0, 0, 1)",29.96
1,107,"(1, 0, 0, 1)",30.19
1,108,"(1, 0, 0, 1)",30.57
1,109,"(1, 0, 0, 1)",29.84
1,110,"(1, 0, 0, 1)",29.81
1,111,"(1, 0, 0, 1)",30.23
1,112,"(1, 0, 0, 1)",30.7
1,113,"(1, 0, 0, 1)",30.56
1,114,"(1, 0, 0, 1)",30.25
1,115,"(1, 0, 0, 1)",30.98
1,116,"(0, 0, 0, 1)",29.78
1,117,"(1, 0, 0, 1)",30.54
1,118,"(1, 0, 0, 1)",30.61
1,119,"(1, 0, 0, 1)",30.2
1,120,"(0, 0, 0, 1)",30.69
1,121,"(1, 0, 0, 1)",29.79
1,122,"(1, 0, 0, 1)",30.23
1,123,"(1, 0, 0, 1)",29.92
1,124,"(1, 0, 0, 1)",29.99
1,125,"(1, 0, 0, 1)",29.82
1,126,"(1, 0, 0, 1)",30.18
1,127,"(1, 0, 0, 1)",30.7
1,128,"(1, 0, 0, 1)",30.61
1,129,"(1, 0, 0, 1)",30.04
1,130,"(0, 0, 0, 1)",30.04
1,131,"(1, 0, 0, 1)",30.96
1,132,"(1, 0, 0, 1)",30.78
1,133,"(1, 0, 0, 1)",29.91
1,134,"(0, 0, 0, 1)",30.61
1,135,"(1, 0, 0, 1)",30.56
1,136,"(1, 0, 0, 1)",30.09
1,137,"(0, 0, 0, 1)",30.32
1,138,"(1, 0, 0, 1)",30.21
1,139,"(1, 0, 0, 1)",30.28
1,140,"(1, 0, 0, 1)",30.02
1,141,"(1, 0, 0, 1)",30.84
1,142,"(1, 0, 0, 1)",29.64
1,143,"(1, 0, 0, 1)",29.7
1,144,"(1, 0, 0, 1)",30.31
1,145,"(1, 0, 0, 1)",30.2
1,146,"(1, 0, 0, 1)",29.79
1,147,"(1, 0, 0, 1)",29.95
1,148,"(1, 0, 0, 1)",30.04
1,149,"(1, 0, 0, 1)",30.46
1,150,"(1, 0, 0, 1)",29.78
1,151,"(1, 0, 0, 1)",30.59
1,152,"(1, 0, 0, 1)",30.2
1,153,"(0, 0, 0, 1)",30.8
1,154,"(1, 0, 0, 1)",30.31
1,155,"(1, 0, 0, 1)",29.83
1,156,"(1, 0, 0, 1)",29.98
1,157,"(1, 0, 0, 1)",30.58
1,158,"(1, 0, 0, 1)",30.06
1,159,"(1, 0, 0, 1)",30.64
1,160,"(1, 0, 0, 1)",30.36
1,161,"(1, 0, 0, 1)",29.84
1,162,"(1, 0, 0, 1)",30.58
1,163,"(1, 0, 0, 1)",30.39
1,164,"(0, 0, 0, 1)",31.05
1,165,"(1, 0, 0, 1)",30.23
1,166,"(1, 0, 0, 1)",30.37
1,167,"(1, 0, 0, 1)",30.22
1,168,"(1, 0, 0, 1)",30.36
1,169,"(1, 0, 0, 1)",30.1
1,170,"(1, 0, 0, 1)",30.64
1,171,"(1, 0, 0, 1)",30.27
1,172,"(1, 0, 0, 1)",30.46
1,173,"(1, 0, 0, 1)",30.36
1,174,"(1, 0, 0, 1)",30.59
1,175,"(1, 0, 0, 1)",30.11
1,176,"(0, 0, 0, 1)",30.52
1,177,"(1, 0, 0, 1)",30.21
1,178,"(1, 0, 0, 1)",30.61
1,179,"(1, 0, 0, 1)",29.97
1,180,"(1, 0, 0, 1)",30.6
1,181,"(1, 0, 0, 1)",29.88
1,182,"(0, 0, 0, 1)",30.79
1,183,"(1, 0, 0, 1)",30.57
1,184,"(0, 0, 0, 1)",30.58
1,185,"(1, 0, 0, 1)",30.48
1,186,"(1, 0, 0, 1)",30.53
1,187,"(1, 0, 0, 1)",30.96
1,188,"(1, 0, 0, 1)",30.18
1,189,"(1, 0, 0, 1)",30.56
1,190,"(1, 0, 0, 1)",29.94
1,191,"(1, 0, 0, 1)",30.02
1,192,"(1, 0, 0, 1)",30.78
1,193,"(1, 0, 0, 1)",29.95
1,194,"(1, 0, 0, 1)",30.42
1,195,"(1, 0, 0, 1)",30.65
1,196,"(1, 0, 0, 1)",29.77
1,197,"(1, 0, 0, 1)",30.05
1,198,"(1, 0, 0, 1)",30.38
1,199,"(1, 0, 0, 1)",30.06
1,200,"(1, 0, 0, 1)",30.23
2,1,"(1, 0, 0, 1)",28.89
2,2,"(1, 0, 0, 1)",29.58
2,3,"(1, 0, 0, 1)",29.05
2,4,"(1, 0, 0, 1)",28.88
2,5,"(1, 0, 0, 1)",29.53
2,6,"(1, 0, 0, 1)",28.29
2,7,"(1, 0, 0, 1)",28.63
2,8,"(1, 0, 0, 1)",28.81
2,9,"(1, 0, 0, 1)",29.33
2,10,"(1, 0, 0, 1)",29.55
2,11,"(1, 0, 0, 1)",28.86
2,12,"(1, 0, 0, 1)",28.21
2,13,"(1, 0, 0, 1)",28.56
2,14,"(1, 0, 0, 1)",28.57
2,15,"(1, 0, 0, 1)",28.69
2,16,"(1, 0, 0, 1)",28.62
2,17,"(1, 0, 0, 1)",29.46
2,18,"(1, 0, 0, 1)",28.77
2,19,"(1, 0, 0, 1)",29.62
2,20,"(1, 0, 0, 1)",29.53
2,21,"(1, 0, 0, 1)",29.57
2,22,"(1, 0, 0, 1)",28.34
2,23,"(1, 0, 0, 1)",28.32
2,24,"(1, 0, 0, 1)",28.73
2,25,"(1, 0, 0, 1)",29.06
2,26,"(1, 0, 0, 1)",29.67
2,27,"(1, 0, 0, 1)",28.1
2,28,"(1, 0, 0, 1)",28.32
2,29,"(1, 0, 0, 1)",29.09
2,30,"(1, 0, 0, 1)",29.54
2,31,"(1, 0, 0, 1)",28.53
2,32,"(1, 0, 0, 1)",28.65
2,33,"(1, 0, 0, 1)",28.63
2,34,"(1, 0, 0, 1)",28.56
2,35,"(1, 0, 0, 1)",28.65
2,36,"(1, 0, 0, 1)",29.62
2,37,"(1, 0, 0, 1)",28.49
2,38,"(1, 0, 0, 1)",29.08
2,39,"(1, 0, 0, 1)",28.67
2,40,"(1, 0, 0, 1)",29.7
2,41,"(1, 0, 0, 1)",29.18
2,42,"(1, 0, 0, 1)",28.6
2,43,"(1, 0, 0, 1)",28.95
2,44,"(1, 0, 0, 1)",29.6
2,45,"(1, 0, 0, 1)",29.53
2,46,"(1, 0, 0, 1)",28.3
2,47,"(1, 0, 0, 1)",28.73
2,48,"(1, 0, 0, 1)",28.59
2,49,"(1, 0, 0, 1)",28.43
2,50,"(1, 0, 0, 1)",29.38
2,51,"(1, 0, 0, 1)",29.5
2,52,"(1, 0, 0, 1)",28.36
2,53,"(1, 0, 0, 1)",28.6
2,54,"(1, 0, 0, 1)",28.72
2,55,"(1, 0, 0, 1)",28.26
2,56,"(1, 0, 0, 1)",29.33
2,57,"(1, 0, 0, 1)",29.29
2,58,"(1, 0, 0, 1)",28.49
2,59,"(1, 0, 0, 1)",28.08
2,60,"(1, 0, 0, 1)",28.79
2,61,"(1, 0, 0, 1)",28.51
2,62,"(1, 0, 0, 1)",28.8
2,63,"(1, 0, 0, 1)",28.78
2,64,"(1, 0, 0, 1)",29.58
2,65,"(1, 0, 0, 1)",28.06
2,66,"(1, 0, 0, 1)",28.87
2,67,"(1, 0, 0, 1)",28.44
2,68,"(1, 0, 0, 1)",28.39
2,69,"(1, 0, 0, 1)",28.56
2,70,"(1, 0, 0, 1)",28.3
2,71,"(1, 0, 0, 1)",28.66
2,72,"(1, 0, 0, 1)",28.8
2,73,"(1, 0, 0, 1)",28.71
2,74,"(1, 0, 0, 1)",28.73
2,75,"(1, 0, 0, 1)",28.1
2,76,"(1, 0, 0, 1)",28.75
2,77,"(1, 0, 0, 1)",28.08
2,78,"(1, 0, 0, 1)",28.83
2,79,"(1, 0, 0, 1)",28.22
2,80,"(1, 0, 0, 1)",28.47
2,81,"(1, 0, 0, 1)",29.43
2,82,"(1, 0, 0, 1)",29.09
2,83,"(1, 0, 0, 1)",28.77
2,84,"(1, 0, 0, 1)",28.49
2,85,"(1, 0, 0, 1)",28.19
2,86,"(1, 0, 0, 1)",29.47
2,87,"(1, 0, 0, 1)",28.72
2,88,"(1, 0, 0, 1)",28.59
2,89,"(1, 0, 0, 1)",28.19
2,90,"(1, 0, 0, 1)",29.74
2,91,"(1, 0, 0, 1)",28.32
2,92,"(1, 0, 0, 1)",28.76
2,93,"(1, 0, 0, 1)",29.42
2,94,"(1, 0, 0, 1)",29.64
2,95,"(1, 0, 0, 1)",28.79
2,96,"(1, 0, 0, 1)",28.77
2,97,"(1, 0, 0, 1)",29.16
2,98,"(1, 0, 0, 1)",28.42
2,99,"(1, 0, 0, 1)",29.09
2,100,"(1, 0, 0, 1)",29.43
2,101,"(1, 0, 0, 1)",29.28
2,102,"(1, 0, 0, 1)",28.57
2,103,"(1, 0, 0, 1)",28.16
2,104,"(1, 0, 0, 1)",28.33
2,105,"(1, 0, 0, 1)",29.26
2,106,"(1, 0, 0, 1)",29.2
2,107,"(1, 0, 0, 1)",28.59
2,108,"(1, 0, 0, 1)",29.52
2,109,"(1, 0, 0, 1)",29.36
2,110,"(1, 0, 0, 1)",29.51
2,111,"(1, 0, 0, 1)",29.65
2,112,"(1, 0, 0, 1)",28.07
2,113,"(1, 0, 0, 1)",28.56
2,114,"(1, 0, 0, 1)",28.87
2,115,"(1, 0, 0, 1)",28.6
2,116,"(1, 0, 0, 1)",29.43
2,117,"(1, 0, 0, 1)",28.24
2,118,"(1, 0, 0, 1)",28.5
2,119,"(1, 0, 0, 1)",29.24
2,120,"(1, 0, 0, 1)",28.97
2,121,"(1, 0, 0, 1)",28.22
2,122,"(1, 0, 0, 1)",29.27
2,123,"(1, 0, 0, 1)",28.36
2,124,"(1, 0, 0, 1)",28.04
2,125,"(1, 0, 0, 1)",29.22
2,126,"(1, 0, 0, 1)",29.04
2,127,"(1, 0, 0, 1)",29.28
2,128,"(1, 0, 0, 1)",28.2
2,129,"(1, 0, 0, 1)",28.77
2,130,"(1, 0, 0, 1)",28.24
2,131,"(1, 0, 0, 1)",29.12
2,132,"(1, 0, 0, 1)",29.32
2,133,"(1, 0, 0, 1)",29.74
2,134,"(1, 0, 0, 1)",28.43
2,135,"(1, 0, 0, 1)",28.5
2,136,"(1, 0, 0, 1)",28.94
2,137,"(1, 0, 0, 1)",28.24
2,138,"(1, 0, 0, 1)",28.74
2,139,"(1, 0, 0, 1)",29.57
2,140,"(1, 0, 0, 1)",29.39
2,141,"(1, 0, 0, 1)",28.29
2,142,"(1, 0, 0, 1)",29.57
2,143,"(1, 0, 0, 1)",28.93
2,144,"(1, 0, 0, 1)",28.17
2,145,"(1, 0, 0, 1)",28.72
2,146,"(1, 0, 0, 1)",28.69
2,147,"(1, 0, 0, 1)",29.48
2,148,"(1, 0, 0, 1)",28.38
2,149,"(1, 0, 0, 1)",28.68
2,150,"(1, 0, 0, 1)",28.64
2,151,"(1, 0, 0, 1)",28.95
2,152,"(1, 0, 0, 1)",28.25
2,153,"(1, 0, 0, 1)",28.91
2,154,"(1, 0, 0, 1)",29.03
2,155,"(1, 0, 0, 1)",28.76
2,156,"(1, 0, 0, 1)",28.51
2,157,"(1, 0, 0, 1)",28.12
2,158,"(1, 0, 0, 1)",29.42
2,159,"(1, 0, 0, 1)",29.27
2,160,"(1, 0, 0, 1)",28.08
2,161,"(1, 0, 0, 1)",29.13
2,162,"(1, 0, 0, 1)",28.78
2,163,"(1, 0, 0, 1)",29.24
2,164,"(1, 0, 0, 1)",29.3
2,165,"(1, 0, 0, 1)",28.14
2,166,"(1, 0, 0, 1)",28.37
2,167,"(1, 0, 0, 1)",28.95
2,168,"(1, 0, 0, 1)",29.71
2,169,"(1, 0, 0, 1)",28.56
2,170,"(1, 0, 0, 1)",28.77
2,171,"(1, 0, 0, 1)",28.23
2,172,"(1, 0, 0, 1)",29.21
2,173,"(1, 0, 0, 1)",28.79
2,174,"(1, 0, 0, 1)",29.52
2,175,"(1, 0, 0, 1)",28.27
2,176,"(1, 0, 0, 1)",28.07
2,177,"(1, 0, 0, 1)",29.04
2,178,"(1, 0, 0, 1)",29.13
2,179,"(1, 0, 0, 1)",28.42
2,180,"(1, 0, 0, 1)",29.58
2,181,"(1, 0, 0, 1)",29.66
2,182,"(1, 0, 0, 1)",28.33
2,183,"(1, 0, 0, 1)",29.23
2,184,"(1, 0, 0, 1)",28.71
2,185,"(1, 0, 0, 1)",28.19
2,186,"(1, 0, 0, 1)",29.08
2,187,"(1, 0, 0, 1)",29.09
2,188,"(1, 0, 0, 1)",29.37
2,189,"(1, 0, 0, 1)",28.44
2,190,"(1, 0, 0, 1)",28.35
2,191,"(1, 0, 0, 1)",28.4
2,192,"(1, 0, 0, 1)",28.71
2,193,"(1, 0, 0, 1)",29.35
2,194,"(1, 0, 0, 1)",29.11
2,195,"(1, 0, 0, 1)",28.32
2,196,"(1, 0, 0, 1)",28.67
2,197,"(1, 0, 0, 1)",29.74
2,198,"(1, 0, 0, 1)",29.48
2,199,"(1, 0, 0, 1)",29.03
2,200,"(1, 0, 0, 1)",29.5
3,1,"(1, 0, 0, 1)",29.28
3,2,"(1, 0, 0, 1)",28.58
3,3,"(0, 0, 1, 1)",27.76
3,4,"(0, 0, 1, 1)",28.12
3,5,"(1, 0, 1, 1)",27.41
3,6,"(1, 0, 0, 1)",28.01
3,7,"(0, 0, 1, 1)",28.33
3,8,"(1, 0, 1, 1)",27.69
3,9,"(1, 0, 1, 1)",27.93
3,10,"(0, 0, 1, 1)",28.45
3,11,"(0, 0, 1, 1)",27.5
3,12,"(1, 0, 1, 1)",27.44
3,13,"(0, 0, 1, 1)",28.08
3,14,"(1, 0, 0, 1)",28.99
3,15,"(0, 0, 1, 1)",28.47
3,16,"(1, 0, 0, 1)",29.0
3,17,"(1, 0, 0, 1)",28.49
3,18,"(1, 0, 1, 1)",27.28
3,19,"(1, 0, 0, 1)",29.13
3,20,"(1, 0, 0, 1)",27.85
3,21,"(0, 0, 1, 1)",28.47
3,22,"(0, 0, 1, 1)",27.47
3,23,"(1, 0, 0, 1)",28.3
3,24,"(1, 0, 0, 1)",29.36
3,25,"(1, 0, 1, 1)",27.44
3,26,"(0, 0, 1, 1)",28.1
3,27,"(1, 0, 0, 1)",29.4
3,28,"(0, 0, 1, 1)",28.55
3,29,"(0, 0, 1, 1)",28.57
3,30,"(0, 0, 1, 1)",27.65
3,31,"(1, 0, 0, 1)",28.85
3,32,"(0, 0, 1, 1)",28.07
3,33,"(1, 0, 0, 1)",28.42
3,34,"(1, 0, 1, 1)",27.48
3,35,"(1, 0, 1, 1)",27.52
3,36,"(0, 0, 1, 1)",28.48
3,37,"(1, 0, 0, 1)",28.44
3,38,"(1, 0, 0, 1)",29.31
3,39,"(1, 0, 1, 1)",27.43
3,40,"(1, 0, 0, 1)",27.25
3,41,"(0, 0, 1, 1)",28.2
3,42,"(0, 0, 1, 1)",28.52
3,43,"(1, 0, 1, 1)",27.88
3,44,"(0, 0, 1, 1)",27.9
3,45,"(0, 0, 1, 1)",28.32
3,46,"(1, 0, 1, 1)",27.73
3,47,"(1, 0, 0, 1)",28.18
3,48,"(0, 0, 1, 1)",27.39
3,49,"(1, 0, 1, 1)",27.83
3,50,"(0, 0, 1, 1)",28.17
3,51,"(1, 0, 0, 1)",29.49
3,52,"(1, 0, 0, 1)",29.13
3,53,"(0, 0, 1, 1)",28.08
3,54,"(0, 0, 1, 1)",28.17
3,55,"(1, 0, 0, 1)",29.24
3,56,"(1, 0, 1, 1)",27.96
3,57,"(1, 0, 0, 1)",27.36
3,58,"(1, 0, 1, 1)",27.89
3,59,"(1, 0, 0, 1)",28.54
3,60,"(0, 0, 1, 1)",28.49
3,61,"(1, 0, 0, 1)",27.62
3,62,"(0, 0, 1, 1)",27.45
3,63,"(1, 0, 0, 1)",29.24
3,64,"(1, 0, 0, 1)",28.6
3,65,"(0, 0, 1, 1)",27.96
3,66,"(0, 0, 1, 1)",28.61
3,67,"(1, 0, 0, 1)",29.68
3,68,"(1, 0, 0, 1)",28.51
3,69,"(1, 0, 0, 1)",29.0
3,70,"(1, 0, 1, 1)",27.89
3,71,"(0, 0, 1, 1)",28.13
3,72,"(1, 0, 1, 1)",27.48
3,73,"(1, 0, 1, 1)",27.32
3,74,"(1, 0, 1, 1)",27.37
3,75,"(1, 0, 0, 1)",28.64
3,76,"(1, 0, 0, 1)",27.7
3,77,"(1, 0, 1, 1)",27.43
3,78,"(1, 0, 1, 1)",27.99
3,79,"(0, 0, 1, 1)",28.03
3,80,"(1, 0, 0, 1)",29.42
3,81,"(1, 0, 1, 1)",27.9
3,82,"(1, 0, 0, 1)",28.37
3,83,"(1, 0, 0, 1)",28.58
3,84,"(1, 0, 0, 1)",28.53
3,85,"(1, 0, 0, 1)",29.57
3,86,"(1, 0, 0, 1)",28.42
3,87,"(1, 0, 1, 1)",27.92
3,88,"(1, 0, 1, 1)",27.6
3,89,"(0, 0, 1, 1)",28.26
3,90,"(1, 0, 0, 1)",29.4
3,91,"(1, 0, 1, 1)",27.71
3,92,"(1, 0, 1, 1)",27.72
3,93,"(1, 0, 0, 1)",29.24
3,94,"(0, 0, 1, 1)",28.11
3,95,"(1, 0, 1, 1)",27.83
3,96,"(0, 0, 1, 1)",28.22
3,97,"(1, 0, 0, 1)",29.37
3,98,"(1, 0, 0, 1)",28.12
3,99,"(1, 0, 1, 1)",27.64
3,100,"(1, 0, 0, 1)",29.69
3,101,"(1, 0, 0, 1)",28.59
3,102,"(1, 0, 0, 1)",28.39
3,103,"(1, 0, 0, 1)",29.3
3,104,"(1, 0, 0, 1)",27.98
3,105,"(0, 0, 1, 1)",28.35
3,106,"(1, 0, 0, 1)",28.23
3,107,"(1, 0, 0, 1)",29.52
3,108,"(1, 0, 1, 1)",27.47
3,109,"(0, 0, 1, 1)",28.55
3,110,"(1, 0, 1, 1)",27.39
3,111,"(1, 0, 1, 1)",27.64
3,112,"(1, 0, 0, 1)",29.36
3,113,"(0, 0, 1, 1)",27.41
3,114,"(1, 0, 0, 1)",29.59
3,115,"(1, 0, 0, 1)",29.15
3,116,"(1, 0, 0, 1)",28.91
3,117,"(1, 0, 1, 1)",27.36
3,118,"(1, 0, 1, 1)",27.29
3,119,"(1, 0, 1, 1)",27.31
3,120,"(0, 0, 1, 1)",27.79
3,121,"(1, 0, 1, 1)",27.45
3,122,"(1, 0, 1, 1)",27.35
3,123,"(1, 0, 0, 1)",28.57
3,124,"(1, 0, 0, 1)",28.72
3,125,"(0, 0, 1, 1)",27.53
3,126,"(1, 0, 1, 1)",27.81
3,127,"(1, 0, 0, 1)",28.97
3,128,"(1, 0, 1, 1)",27.3
3,129,"(1, 0, 0, 1)",28.28
3,130,"(0, 0, 1, 1)",28.18
3,131,"(1, 0, 0, 1)",27.21
3,132,"(1, 0, 1, 1)",27.9
3,133,"(1, 0, 1, 1)",27.81
3,134,"(1, 0, 1, 1)",27.39
3,135,"(0, 0, 1, 1)",27.4
3,136,"(1, 0, 1, 1)",27.96
3,137,"(1, 0, 1, 1)",27.38
3,138,"(1, 0, 1, 1)",27.7
3,139,"(1, 0, 1, 1)",27.66
3,140,"(0, 0, 1, 1)",27.76
3,141,"(1, 0, 1, 1)",27.42
3,142,"(1, 0, 0, 1)",28.53
3,143,"(0, 0, 1, 1)",27.35
3,144,"(1, 0, 1, 1)",27.78
3,145,"(0, 0, 1, 1)",28.11
3,146,"(0, 0, 1, 1)",27.85
3,147,"(1, 0, 1, 1)",27.51
3,148,"(1, 0, 1, 1)",27.41
3,149,"(1, 0, 1, 1)",27.71
3,150,"(1, 0, 1, 1)",27.4
3,151,"(1, 0, 1, 1)",27.4
3,152,"(1, 0, 0, 1)",29.19
3,153,"(1, 0, 0, 1)",27.99
3,154,"(1, 0, 1, 1)",27.88
3,155,"(1, 0, 0, 1)",28.86
3,156,"(1, 0, 1, 1)",27.78
3,157,"(1, 0, 1, 1)",27.78
3,158,"(1, 0, 1, 1)",27.79
3,159,"(1, 0, 1, 1)",27.62
3,160,"(1, 0, 0, 1)",29.13
3,161,"(1, 0, 1, 1)",27.42
3,162,"(1, 0, 0, 1)",28.72
3,163,"(1, 0, 0, 1)",28.25
3,164,"(1, 0, 0, 1)",29.12
3,165,"(1, 0, 1, 1)",27.38
3,166,"(1, 0, 0, 1)",28.94
3,167,"(1, 0, 1, 1)",27.57
3,168,"(1, 0, 0, 1)",28.06
3,169,"(1, 0, 1, 1)",27.5
3,170,"(1, 0, 1, 1)",27.31
3,171,"(1, 0, 1, 1)",27.81
3,172,"(0, 0, 1, 1)",27.94
3,173,"(1, 0, 1, 1)",27.43
3,174,"(1, 0, 1, 1)",27.63
3,175,"(0, 0, 1, 1)",27.92
3,176,"(0, 0, 1, 1)",27.39
3,177,"(1, 0, 1, 1)",27.68
3,178,"(1, 0, 0, 1)",28.15
3,179,"(1, 0, 0, 1)",28.69
3,180,"(1, 0, 0, 1)",28.62
3,181,"(1, 0, 1, 1)",27.32
3,182,"(1, 0, 1, 1)",27.64
3,183,"(1, 0, 0, 1)",29.57
3,184,"(1, 0, 0, 1)",29.07
3,185,"(1, 0, 1, 1)",27.42
3,186,"(1, 0, 0, 1)",29.4
3,187,"(0, 0, 1, 1)",27.66
3,188,"(1, 0, 0, 1)",27.87
3,189,"(1, 0, 0, 1)",28.14
3,190,"(1, 0, 1, 1)",27.79
3,191,"(1, 0, 0, 1)",27.48
3,192,"(1, 0, 0, 1)",28.46
3,193,"(0, 0, 1, 1)",28.04
3,194,"(0, 0, 1, 1)",27.69
3,195,"(1, 0, 0, 1)",28.92
3,196,"(1, 0, 1, 1)",27.7
3,197,"(1, 0, 0, 1)",27.45
3,198,"(0, 0, 1, 1)",27.79
3,199,"(1, 0, 0, 1)",29.39
3,200,"(0, 0, 1, 1)",28.29
4,1,"(1, 0, 1, 1)",28.58
4,2,"(1, 0, 1, 1)",28.53
4,3,"(1, 0, 1, 1)",28.53
4,4,"(1, 0, 1, 1)",28.9
4,5,"(1, 0, 1, 1)",28.78
4,6,"(1, 0, 1, 1)",28.84
4,7,"(1, 0, 1, 1)",28.49
4,8,"(1, 0, 1, 1)",29.2
4,9,"(1, 0, 1, 1)",29.36
4,10,"(1, 0, 1, 1)",29.39
4,11,"(1, 0, 1, 1)",29.2
4,12,"(1, 0, 1, 1)",28.49
4,13,"(1, 0, 1, 1)",28.38
4,14,"(1, 0, 1, 1)",28.81
4,15,"(1, 0, 1, 1)",29.24
4,16,"(1, 0, 1, 1)",28.48
4,17,"(1, 0, 1, 1)",28.28
4,18,"(1, 0, 1, 1)",28.32
4,19,"(1, 0, 1, 1)",28.9
4,20,"(1, 0, 1, 1)",28.64
4,21,"(1, 0, 1, 1)",28.56
4,22,"(1, 0, 1, 1)",29.18
4,23,"(1, 0, 1, 1)",28.93
4,24,"(1, 0, 1, 1)",29.23
4,25,"(1, 0, 1, 1)",28.72
4,26,"(1, 0, 1, 1)",28.42
4,27,"(1, 0, 1, 1)",28.44
4,28,"(1, 0, 1, 1)",29.09
4,29,"(1, 0, 1, 1)",29.26
4,30,"(1, 0, 1, 1)",28.52
4,31,"(1, 0, 1, 1)",28.62
4,32,"(1, 0, 1, 1)",28.6
4,33,"(1, 0, 1, 1)",29.0
4,34,"(1, 0, 1, 1)",28.46
4,35,"(1, 0, 1, 1)",28.58
4,36,"(1, 0, 1, 1)",28.6
4,37,"(1, 0, 1, 1)",29.44
4,38,"(1, 0, 1, 1)",29.02
4,39,"(1, 0, 1, 1)",28.75
4,40,"(1, 0, 1, 1)",28.63
4,41,"(1, 0, 1, 1)",28.98
4,42,"(1, 0, 1, 1)",28.69
4,43,"(1, 0, 1, 1)",28.54
4,44,"(1, 0, 1, 1)",28.86
4,45,"(1, 0, 1, 1)",29.14
4,46,"(1, 0, 1, 1)",28.42
4,47,"(1, 0, 1, 1)",29.13
4,48,"(1, 0, 1, 1)",28.44
4,49,"(1, 0, 1, 1)",28.92
4,50,"(1, 0, 1, 1)",28.57
4,51,"(1, 0, 1, 1)",28.37
4,52,"(1, 0, 1, 1)",29.13
4,53,"(1, 0, 1, 1)",29.33
4,54,"(1, 0, 1, 1)",28.97
4,55,"(1, 0, 1, 1)",29.05
4,56,"(1, 0, 1, 1)",28.38
4,57,"(1, 0, 1, 1)",28.7
4,58,"(1, 0, 1, 1)",28.59
4,59,"(1, 0, 1, 1)",29.2
4,60,"(1, 0, 1, 1)",28.56
4,61,"(1, 0, 1, 1)",28.86
4,62,"(1, 0, 1, 1)",28.93
4,63,"(1, 0, 1, 1)",28.88
4,64,"(1, 0, 1, 1)",29.0
4,65,"(1, 0, 1, 1)",28.4
4,66,"(1, 0, 1, 1)",28.39
4,67,"(1, 0, 1, 1)",28.54
4,68,"(1, 0, 1, 1)",29.41
4,69,"(1, 0, 1, 1)",29.07
4,70,"(1, 0, 1, 1)",29.13
4,71,"(1, 0, 1, 1)",28.46
4,72,"(1, 0, 1, 1)",28.72
4,73,"(1, 0, 1, 1)",28.31
4,74,"(1, 0, 1, 1)",28.6
4,75,"(1, 0, 1, 1)",29.22
4,76,"(1, 0, 1, 1)",28.66
4,77,"(1, 0, 1, 1)",28.88
4,78,"(1, 0, 1, 1)",28.74
4,79,"(1, 0, 1, 1)",28.9
4,80,"(1, 0, 1, 1)",28.39
4,81,"(1, 0, 1, 1)",28.51
4,82,"(1, 0, 1, 1)",28.59
4,83,"(1, 0, 1, 1)",28.44
4,84,"(1, 0, 1, 1)",28.39
4,85,"(1, 0, 1, 1)",28.8
4,86,"(1, 0, 1, 1)",28.85
4,87,"(1, 0, 1, 1)",29.26
4,88,"(1, 0, 1, 1)",28.44
4,89,"(1, 0, 1, 1)",28.29
4,90,"(1, 0, 1, 1)",28.32
4,91,"(1, 0, 1, 1)",28.71
4,92,"(1, 0, 1, 1)",28.53
4,93,"(1, 0, 1, 1)",28.69
4,94,"(1, 0, 1, 1)",28.47
4,95,"(1, 0, 1, 1)",28.79
4,96,"(1, 0, 1, 1)",29.33
4,97,"(1, 0, 1, 1)",28.75
4,98,"(1, 0, 1, 1)",28.92
4,99,"(1, 0, 1, 1)",28.87
4,100,"(1, 0, 1, 1)",29.26
4,101,"(1, 0, 1, 1)",28.9
4,102,"(1, 0, 1, 1)",28.53
4,103,"(1, 0, 1, 1)",28.84
4,104,"(1, 0, 1, 1)",28.88
4,105,"(1, 0, 1, 1)",29.22
4,106,"(1, 0, 1, 1)",28.92
4,107,"(1, 0, 1, 1)",28.43
4,108,"(1, 0, 1, 1)",28.61
4,109,"(1, 0, 1, 1)",28.73
4,110,"(1, 0, 1, 1)",28.69
4,111,"(1, 0, 1, 1)",28.55
4,112,"(1, 0, 1, 1)",28.9
4,113,"(1, 0, 1, 1)",28.55
4,114,"(1, 0, 1, 1)",29.13
4,115,"(1, 0, 1, 1)",28.69
4,116,"(1, 0, 1, 1)",29.22
4,117,"(1, 0, 1, 1)",28.81
4,118,"(1, 0, 1, 1)",28.48
4,119,"(1, 0, 1, 1)",29.14
4,120,"(1, 0, 1, 1)",28.8
4,121,"(1, 0, 1, 1)",29.02
4,122,"(1, 0, 1, 1)",28.56
4,123,"(1, 0, 1, 1)",28.96
4,124,"(1, 0, 1, 1)",28.42
4,125,"(1, 0, 1, 1)",29.36
4,126,"(1, 0, 1, 1)",28.47
4,127,"(1, 0, 1, 1)",29.22
4,128,"(1, 0, 1, 1)",28.9
4,129,"(1, 0, 1, 1)",29.2
4,130,"(1, 0, 1, 1)",28.73
4,131,"(1, 0, 1, 1)",28.41
4,132,"(1, 0, 1, 1)",28.42
4,133,"(1, 0, 1, 1)",28.59
4,134,"(1, 0, 1, 1)",29.38
4,135,"(1, 0, 1, 1)",28.84
4,136,"(1, 0, 1, 1)",28.79
4,137,"(1, 0, 1, 1)",28.58
4,138,"(1, 0, 1, 1)",28.44
4,139,"(1, 0, 1, 1)",29.16
4,140,"(1, 0, 1, 1)",29.31
4,141,"(1, 0, 1, 1)",29.2
4,142,"(1, 0, 1, 1)",29.33
4,143,"(1, 0, 1, 1)",28.74
4,144,"(1, 0, 1, 1)",28.88
4,145,"(1, 0, 1, 1)",29.09
4,146,"(1, 0, 1, 1)",28.65
4,147,"(1, 0, 1, 1)",28.78
4,148,"(1, 0, 1, 1)",28.68
4,149,"(1, 0, 1, 1)",29.26
4,150,"(1, 0, 1, 1)",28.84
4,151,"(1, 0, 1, 1)",28.4
4,152,"(1, 0, 1, 1)",28.57
4,153,"(1, 0, 1, 1)",28.47
4,154,"(1, 0, 1, 1)",29.1
4,155,"(1, 0, 1, 1)",28.66
4,156,"(1, 0, 1, 1)",28.4
4,157,"(1, 0, 1, 1)",28.95
4,158,"(1, 0, 1, 1)",29.11
4,159,"(1, 0, 1, 1)",28.44
4,160,"(1, 0, 1, 1)",28.85
4,161,"(1, 0, 1, 1)",28.29
4,162,"(1, 0, 1, 1)",28.46
4,163,"(1, 0, 1, 1)",28.59
4,164,"(1, 0, 1, 1)",28.51
4,165,"(1, 0, 1, 1)",29.1
4,166,"(1, 0, 1, 1)",29.26
4,167,"(1, 0, 1, 1)",28.72
4,168,"(1, 0, 1, 1)",28.82
4,169,"(1, 0, 1, 1)",28.78
4,170,"(1, 0, 1, 1)",29.42
4,171,"(1, 0, 1, 1)",29.34
4,172,"(1, 0, 1, 1)",28.34
4,173,"(1, 0, 1, 1)",28.29
4,174,"(1, 0, 1, 1)",29.45
4,175,"(1, 0, 1, 1)",28.97
4,176,"(1, 0, 1, 1)",29.17
4,177,"(1, 0, 1, 1)",28.29
4,178,"(1, 0, 1, 1)",29.38
4,179,"(1, 0, 1, 1)",28.82
4,180,"(1, 0, 1, 1)",28.64
4,181,"(1, 0, 1, 1)",28.66
4,182,"(1, 0, 1, 1)",29.22
4,183,"(1, 0, 1, 1)",28.69
4,184,"(1, 0, 1, 1)",28.81
4,185,"(1, 0, 1, 1)",29.26
4,186,"(1, 0, 1, 1)",29.05
4,187,"(1, 0, 1, 1)",28.67
4,188,"(1, 0, 1, 1)",28.47
4,189,"(1, 0, 1, 1)",28.66
4,190,"(1, 0, 1, 1)",28.57
4,191,"(1, 0, 1, 1)",29.41
4,192,"(1, 0, 1, 1)",28.66
4,193,"(1, 0, 1, 1)",28.71
4,194,"(1, 0, 1, 1)",28.79
4,195,"(1, 0, 1, 1)",28.57
4,196,"(1, 0, 1, 1)",28.84
4,197,"(1, 0, 1, 1)",29.16
4,198,"(1, 0, 1, 1)",28.67
4,199,"(1, 0, 1, 1)",29.23
4,200,"(1, 0, 1, 1)",28.62
5,1,"(0, 1, 0, 1)",29.41
5,2,"(0, 1, 0, 1)",29.15
5,3,"(0, 1, 0, 1)",29.26
5,4,"(0, 1, 0, 1)",30.05
5,5,"(0, 1, 0, 1)",30.07
5,6,"(0, 1, 0, 1)",29.09
5,7,"(0, 1, 0, 1)",29.18
5,8,"(0, 1, 1, 1)",28.15
5,9,"(0, 1, 0, 1)",29.52
5,10,"(0, 1, 0, 1)",29.89
5,11,"(0, 1, 0, 1)",29.56
5,12,"(0, 1, 0, 1)",29.56
5,13,"(0, 1, 1, 1)",28.07
5,14,"(0, 1, 0, 1)",29.8
5,15,"(0, 1, 0, 1)",29.45
5,16,"(0, 1, 0, 1)",28.9
5,17,"(0, 1, 0, 1)",29.64
5,18,"(0, 1, 0, 1)",29.65
5,19,"(0, 1, 1, 1)",28.38
5,20,"(0, 1, 0, 1)",29.79
5,21,"(0, 1, 1, 1)",27.96
5,22,"(0, 1, 1, 1)",28.44
5,23,"(0, 1, 1, 1)",28.31
5,24,"(0, 1, 0, 1)",29.41
5,25,"(0, 1, 0, 1)",29.18
5,26,"(0, 1, 1, 1)",28.57
5,27,"(0, 1, 1, 1)",28.46
5,28,"(0, 1, 1, 1)",28.57
5,29,"(0, 1, 0, 1)",29.19
5,30,"(0, 1, 0, 1)",29.65
5,31,"(0, 1, 1, 1)",28.87
5,32,"(0, 1, 0, 1)",28.9
5,33,"(0, 1, 0, 1)",28.87
5,34,"(0, 1, 1, 1)",28.31
5,35,"(0, 1, 0, 1)",29.42
5,36,"(0, 1, 0, 1)",30.43
5,37,"(0, 1, 1, 1)",28.64
5,38,"(0, 1, 0, 1)",28.61
5,39,"(0, 1, 0, 1)",29.58
5,40,"(0, 1, 0, 1)",28.91
5,41,"(0, 1, 0, 1)",29.0
5,42,"(0, 1, 0, 1)",29.03
5,43,"(0, 1, 0, 1)",28.88
5,44,"(0, 1, 0, 1)",29.17
5,45,"(0, 1, 0, 1)",29.55
5,46,"(0, 1, 0, 1)",29.7
5,47,"(0, 1, 0, 1)",30.16
5,48,"(0, 1, 0, 1)",28.83
5,49,"(0, 1, 0, 1)",29.1
5,50,"(0, 1, 1, 1)",28.73
5,51,"(0, 1, 0, 1)",29.29
5,52,"(0, 1, 0, 1)",30.46
5,53,"(0, 1, 0, 1)",30.98
5,54,"(0, 1, 0, 1)",29.29
5,55,"(0, 1, 1, 1)",28.64
5,56,"(0, 1, 1, 1)",28.62
5,57,"(0, 1, 0, 1)",28.82
5,58,"(0, 1, 0, 1)",28.63
5,59,"(0, 1, 0, 1)",28.61
5,60,"(0, 1, 0, 1)",28.79
5,61,"(0, 1, 1, 1)",28.37
5,62,"(0, 1, 1, 1)",28.37
5,63,"(0, 1, 0, 1)",29.0
5,64,"(0, 1, 0, 1)",29.0
5,65,"(0, 1, 0, 1)",30.31
5,66,"(0, 1, 0, 1)",30.02
5,67,"(0, 1, 1, 1)",28.51
5,68,"(0, 1, 0, 1)",30.04
5,69,"(0, 1, 1, 1)",28.39
5,70,"(0, 1, 1, 1)",28.64
5,71,"(0, 1, 1, 1)",28.88
5,72,"(0, 1, 1, 1)",28.76
5,73,"(0, 1, 1, 1)",28.43
5,74,"(0, 1, 0, 1)",28.87
5,75,"(0, 1, 0, 1)",28.67
5,76,"(0, 1, 0, 1)",28.7
5,77,"(0, 1, 1, 1)",28.52
5,78,"(0, 1, 0, 1)",30.25
5,79,"(0, 1, 0, 1)",29.82
5,80,"(0, 1, 1, 1)",28.31
5,81,"(0, 1, 0, 1)",29.34
5,82,"(0, 1, 0, 1)",30.62
5,83,"(0, 1, 0, 1)",30.32
5,84,"(0, 1, 0, 1)",29.47
5,85,"(0, 1, 0, 1)",28.79
5,86,"(0, 1, 1, 1)",28.49
5,87,"(0, 1, 0, 1)",29.59
5,88,"(0, 1, 1, 1)",28.41
5,89,"(0, 1, 1, 1)",28.87
5,90,"(0, 1, 1, 1)",28.35
5,91,"(0, 1, 0, 1)",28.83
5,92,"(0, 1, 1, 1)",28.44
5,93,"(0, 1, 1, 1)",28.8
5,94,"(0, 1, 1, 1)",28.35
5,95,"(0, 1, 0, 1)",30.23
5,96,"(0, 1, 1, 1)",28.78
5,97,"(0, 1, 1, 1)",28.55
5,98,"(0, 1, 1, 1)",28.55
5,99,"(0, 1, 0, 1)",30.65
5,100,"(0, 1, 0, 1)",28.72
5,101,"(0, 1, 1, 1)",28.57
5,102,"(0, 1, 0, 1)",29.11
5,103,"(0, 1, 0, 1)",30.22
5,104,"(0, 1, 1, 1)",28.49
5,105,"(0, 1, 1, 1)",28.5
5,106,"(0, 1, 0, 1)",28.9
5,107,"(0, 1, 0, 1)",29.14
5,108,"(0, 1, 0, 1)",28.63
5,109,"(0, 1, 0, 1)",29.07
5,110,"(0, 1, 0, 1)",29.25
5,111,"(0, 1, 1, 1)",28.55
5,112,"(0, 1, 1, 1)",28.33
5,113,"(0, 1, 0, 1)",28.97
5,114,"(0, 1, 0, 1)",29.2
5,115,"(0, 1, 1, 1)",28.39
5,116,"(0, 1, 1, 1)",28.75
5,117,"(0, 1, 1, 1)",28.85
5,118,"(0, 1, 1, 1)",28.71
5,119,"(0, 1, 0, 1)",28.87
5,120,"(0, 1, 0, 1)",29.76
5,121,"(0, 1, 1, 1)",28.52
5,122,"(0, 1, 1, 1)",28.75
5,123,"(0, 1, 0, 1)",29.05
5,124,"(0, 1, 0, 1)",30.44
5,125,"(0, 1, 0, 1)",28.93
5,126,"(0, 1, 1, 1)",28.53
5,127,"(0, 1, 1, 1)",28.82
5,128,"(0, 1, 0, 1)",30.25
5,129,"(0, 1, 1, 1)",28.89
5,130,"(0, 1, 0, 1)",31.14
5,131,"(0, 1, 0, 1)",30.3
5,132,"(0, 1, 1, 1)",28.54
5,133,"(0, 1, 1, 1)",28.89
5,134,"(0, 1, 1, 1)",28.52
5,135,"(0, 1, 0, 1)",29.55
5,136,"(0, 1, 1, 1)",28.65
5,137,"(0, 1, 1, 1)",28.36
5,138,"(0, 1, 1, 1)",28.19
5,139,"(0, 1, 0, 1)",29.31
5,140,"(0, 1, 1, 1)",28.41
5,141,"(0, 1, 0, 1)",29.06
5,142,"(0, 1, 0, 1)",29.66
5,143,"(0, 1, 0, 1)",28.98
5,144,"(0, 1, 1, 1)",28.6
5,145,"(0, 1, 0, 1)",29.69
5,146,"(0, 1, 0, 1)",30.57
5,147,"(0, 1, 0, 1)",28.6
5,148,"(0, 1, 0, 1)",30.12
5,149,"(0, 1, 0, 1)",29.89
5,150,"(0, 1, 0, 1)",29.72
5,151,"(0, 1, 0, 1)",30.75
5,152,"(0, 1, 1, 1)",28.32
5,153,"(0, 1, 1, 1)",28.45
5,154,"(0, 1, 0, 1)",29.23
5,155,"(0, 1, 0, 1)",29.17
5,156,"(0, 1, 1, 1)",28.85
5,157,"(0, 1, 0, 1)",30.1
5,158,"(0, 1, 0, 1)",28.91
5,159,"(0, 1, 0, 1)",28.77
5,160,"(0, 1, 1, 1)",28.77
5,161,"(0, 1, 1, 1)",28.55
5,162,"(0, 1, 0, 1)",30.53
5,163,"(0, 1, 0, 1)",28.66
5,164,"(0, 1, 0, 1)",29.19
5,165,"(0, 1, 1, 1)",28.83
5,166,"(0, 1, 0, 1)",29.96
5,167,"(0, 1, 1, 1)",28.09
5,168,"(0, 1, 0, 1)",29.9
5,169,"(0, 1, 1, 1)",28.28
5,170,"(0, 1, 0, 1)",28.75
5,171,"(0, 1, 0, 1)",29.01
5,172,"(0, 1, 0, 1)",28.65
5,173,"(0, 1, 1, 1)",28.32
5,174,"(0, 1, 0, 1)",28.71
5,175,"(0, 1, 0, 1)",29.03
5,176,"(0, 1, 1, 1)",28.28
5,177,"(0, 1, 0, 1)",29.43
5,178,"(0, 1, 1, 1)",28.88
5,179,"(0, 1, 1, 1)",28.71
5,180,"(0, 1, 0, 1)",29.52
5,181,"(0, 1, 0, 1)",29.77
5,182,"(0, 1, 0, 1)",30.48
5,183,"(0, 1, 0, 1)",28.89
5,184,"(0, 1, 0, 1)",30.74
5,185,"(0, 1, 0, 1)",29.99
5,186,"(0, 1, 0, 1)",28.98
5,187,"(0, 1, 0, 1)",29.9
5,188,"(0, 1, 0, 1)",31.12
5,189,"(0, 1, 1, 1)",28.51
5,190,"(0, 1, 0, 1)",29.8
5,191,"(0, 1, 1, 1)",28.03
5,192,"(0, 1, 0, 1)",30.83
5,193,"(0, 1, 1, 1)",28.81
5,194,"(0, 1, 1, 1)",28.65
5,195,"(0, 1, 0, 1)",28.78
5,196,"(0, 1, 0, 1)",29.27
5,197,"(0, 1, 0, 1)",29.05
5,198,"(0, 1, 1, 1)",28.47
5,199,"(0, 1, 0, 1)",29.05
5,200,"(0, 1, 1, 1)",28.7
6,1,"(1, 0, 0, 1)",29.92
6,2,"(0, 0, 0, 1)",32.8
6,3,"(1, 0, 0, 1)",25.78
6,4,"(1, 0, 0, 1)",27.28
6,5,"(0, 0, 0, 1)",30.69
6,6,"(1, 0, 0, 1)",27.54
6,7,"(1, 0, 0, 1)",25.36
6,8,"(1, 0, 0, 1)",29.0
6,9,"(1, 0, 0, 1)",29.88
6,10,"(0, 0, 0, 1)",30.02
6,11,"(1, 0, 0, 1)",30.27
6,12,"(1, 0, 0, 1)",28.77
6,13,"(1, 0, 0, 1)",30.67
6,14,"(1, 0, 0, 1)",31.06
6,15,"(1, 0, 0, 1)",26.9
6,16,"(1, 0, 0, 1)",30.1
6,17,"(1, 0, 0, 1)",29.83
6,18,"(1, 0, 0, 1)",29.42
6,19,"(0, 0, 0, 1)",25.93
6,20,"(1, 0, 0, 1)",26.4
6,21,"(1, 0, 0, 1)",30.77
6,22,"(1, 0, 0, 1)",31.35
6,23,"(1, 0, 0, 1)",29.78
6,24,"(1, 0, 0, 1)",25.8
6,25,"(1, 0, 0, 1)",30.31
6,26,"(0, 1, 0, 1)",28.31
6,27,"(1, 0, 0, 1)",30.69
6,28,"(1, 0, 0, 1)",31.16
6,29,"(1, 0, 0, 1)",30.22
6,30,"(1, 0, 0, 1)",25.78
6,31,"(1, 0, 0, 1)",27.43
6,32,"(0, 1, 0, 1)",27.08
6,33,"(1, 0, 0, 1)",31.38
6,34,"(1, 0, 0, 1)",29.49
6,35,"(1, 0, 0, 1)",25.73
6,36,"(1, 0, 0, 1)",26.97
6,37,"(1, 0, 0, 1)",28.63
6,38,"(1, 0, 0, 1)",28.9
6,39,"(0, 0, 0, 1)",30.53
6,40,"(1, 0, 0, 1)",25.62
6,41,"(1, 0, 0, 1)",30.5
6,42,"(1, 0, 0, 1)",26.41
6,43,"(1, 0, 0, 1)",27.35
6,44,"(0, 0, 0, 1)",28.51
6,45,"(1, 0, 0, 1)",27.51
6,46,"(1, 0, 0, 1)",30.8
6,47,"(1, 0, 0, 1)",27.57
6,48,"(1, 0, 0, 1)",30.66
6,49,"(1, 0, 0, 1)",29.27
6,50,"(1, 0, 0, 1)",30.25
6,51,"(1, 0, 0, 1)",28.24
6,52,"(1, 0, 0, 1)",30.95
6,53,"(1, 0, 0, 1)",30.62
6,54,"(1, 0, 0, 1)",28.45
6,55,"(1, 0, 0, 1)",29.97
6,56,"(1, 0, 0, 1)",28.02
6,57,"(1, 0, 0, 1)",24.96
6,58,"(1, 0, 0, 1)",25.56
6,59,"(1, 0, 0, 1)",27.57
6,60,"(1, 0, 0, 1)",31.41
6,61,"(1, 0, 0, 1)",29.25
6,62,"(1, 0, 0, 1)",27.03
6,63,"(1, 0, 0, 1)",29.74
6,64,"(1, 0, 0, 1)",26.53
6,65,"(1, 0, 0, 1)",30.98
6,66,"(1, 0, 0, 1)",25.6
6,67,"(1, 0, 0, 1)",26.62
6,68,"(1, 0, 0, 1)",26.39
6,69,"(1, 0, 0, 1)",30.79
6,70,"(0, 0, 0, 1)",28.12
6,71,"(0, 0, 0, 1)",31.88
6,72,"(0, 0, 0, 1)",28.34
6,73,"(1, 0, 0, 1)",28.9
6,74,"(1, 0, 0, 1)",31.0
6,75,"(1, 0, 0, 1)",26.76
6,76,"(1, 0, 0, 1)",25.72
6,77,"(1, 0, 0, 1)",30.49
6,78,"(0, 0, 0, 1)",27.36
6,79,"(1, 0, 0, 1)",26.8
6,80,"(0, 0, 0, 1)",28.03
6,81,"(0, 0, 0, 1)",27.3
6,82,"(1, 0, 0, 1)",31.12
6,83,"(1, 0, 0, 1)",26.94
6,84,"(1, 0, 0, 1)",30.99
6,85,"(1, 0, 0, 1)",30.99
6,86,"(0, 0, 0, 1)",26.4
6,87,"(1, 0, 0, 1)",26.97
6,88,"(1, 0, 0, 1)",26.41
6,89,"(1, 0, 0, 1)",27.67
6,90,"(1, 0, 0, 1)",26.75
6,91,"(1, 0, 0, 1)",25.69
6,92,"(1, 0, 0, 1)",28.8
6,93,"(1, 0, 0, 1)",29.62
6,94,"(0, 0, 0, 1)",26.83
6,95,"(1, 0, 0, 1)",27.79
6,96,"(1, 0, 0, 1)",26.33
6,97,"(1, 0, 0, 1)",27.24
6,98,"(1, 0, 0, 1)",26.56
6,99,"(1, 0, 0, 1)",30.78
6,100,"(1, 0, 0, 1)",30.69
6,101,"(1, 0, 0, 1)",28.63
6,102,"(1, 0, 0, 1)",29.83
6,103,"(1, 0, 0, 1)",28.59
6,104,"(0, 0, 0, 1)",31.73
6,105,"(1, 0, 0, 1)",26.18
6,106,"(0, 0, 0, 1)",28.12
6,107,"(1, 0, 0, 1)",31.07
6,108,"(1, 0, 0, 1)",25.97
6,109,"(1, 0, 0, 1)",31.41
6,110,"(0, 0, 0, 1)",27.4
6,111,"(1, 0, 0, 1)",30.64
6,112,"(1, 0, 0, 1)",26.78
6,113,"(1, 0, 0, 1)",28.03
6,114,"(0, 0, 0, 1)",27.21
6,115,"(1, 0, 0, 1)",28.8
6,116,"(1, 0, 0, 1)",30.58
6,117,"(0, 1, 0, 1)",30.15
6,118,"(1, 0, 0, 1)",31.31
6,119,"(1, 0, 0, 1)",28.04
6,120,"(1, 0, 0, 1)",30.25
6,121,"(1, 0, 0, 1)",28.61
6,122,"(1, 0, 0, 1)",26.12
6,123,"(0, 1, 0, 1)",29.9
6,124,"(1, 0, 0, 1)",25.52
6,125,"(1, 0, 0, 1)",27.78
6,126,"(0, 0, 0, 1)",30.49
6,127,"(1, 0, 0, 1)",26.7
6,128,"(1, 0, 0, 1)",25.78
6,129,"(1, 0, 0, 1)",30.27
6,130,"(1, 0, 0, 1)",26.18
6,131,"(1, 0, 0, 1)",31.42
6,132,"(0, 1, 0, 1)",26.58
6,133,"(0, 0, 0, 1)",29.3
6,134,"(1, 0, 0, 1)",27.99
6,135,"(1, 0, 0, 1)",30.09
6,136,"(1, 0, 0, 1)",27.29
6,137,"(0, 0, 0, 1)",28.22
6,138,"(1, 0, 0, 1)",29.38
6,139,"(1, 0, 0, 1)",30.25
6,140,"(1, 0, 0, 1)",30.44
6,141,"(1, 0, 0, 1)",29.91
6,142,"(1, 0, 0, 1)",30.9
6,143,"(1, 0, 0, 1)",26.98
6,144,"(0, 0, 0, 1)",26.61
6,145,"(0, 1, 0, 1)",26.3
6,146,"(1, 0, 0, 1)",28.21
6,147,"(1, 0, 0, 1)",29.94
6,148,"(1, 0, 0, 1)",25.42
6,149,"(1, 0, 0, 1)",26.4
6,150,"(1, 0, 0, 1)",26.61
6,151,"(1, 0, 0, 1)",28.69
6,152,"(1, 0, 0, 1)",27.96
6,153,"(1, 0, 0, 1)",28.79
6,154,"(1, 0, 0, 1)",30.17
6,155,"(1, 0, 0, 1)",28.68
6,156,"(1, 0, 0, 1)",29.62
6,157,"(0, 0, 0, 1)",31.27
6,158,"(1, 0, 0, 1)",26.97
6,159,"(1, 0, 0, 1)",30.86
6,160,"(1, 0, 0, 1)",25.95
6,161,"(0, 0, 0, 1)",27.46
6,162,"(1, 0, 0, 1)",26.29
6,163,"(1, 0, 0, 1)",31.09
6,164,"(1, 0, 0, 1)",29.04
6,165,"(1, 0, 0, 1)",26.77
6,166,"(1, 0, 0, 1)",27.78
6,167,"(1, 0, 0, 1)",27.68
6,168,"(1, 0, 0, 1)",30.08
6,169,"(1, 0, 0, 1)",25.76
6,170,"(0, 0, 0, 1)",31.46
6,171,"(1, 0, 0, 1)",30.4
6,172,"(1, 0, 0, 1)",29.94
6,173,"(1, 0, 0, 1)",26.21
6,174,"(1, 0, 0, 1)",27.72
6,175,"(1, 0, 0, 1)",29.68
6,176,"(1, 0, 0, 1)",28.54
6,177,"(1, 0, 0, 1)",29.13
6,178,"(1, 0, 0, 1)",30.65
6,179,"(1, 0, 0, 1)",30.32
6,180,"(1, 0, 0, 1)",26.78
6,181,"(1, 0, 0, 1)",28.71
6,182,"(1, 0, 0, 1)",27.67
6,183,"(1, 0, 0, 1)",28.44
6,184,"(1, 0, 0, 1)",28.63
6,185,"(1, 0, 0, 1)",28.45
6,186,"(1, 0, 0, 1)",28.72
6,187,"(1, 0, 0, 1)",30.27
6,188,"(1, 0, 0, 1)",26.0
6,189,"(1, 0, 0, 1)",30.02
6,190,"(1, 0, 0, 1)",26.0
6,191,"(1, 0, 0, 1)",28.79
6,192,"(0, 1, 0, 1)",27.66
6,193,"(1, 0, 0, 1)",27.07
6,194,"(1, 0, 0, 1)",30.12
6,195,"(0, 0, 0, 1)",28.51
6,196,"(1, 0, 0, 1)",28.17
6,197,"(1, 0, 0, 1)",31.38
6,198,"(1, 0, 0, 1)",29.14
6,199,"(1, 0, 0, 1)",31.25
6,200,"(1, 0, 0, 1)",30.48
